dataset,seed,num_trained_classes,trained_classes,total_files,valid_predictions,valid_prediction_rate,accuracy,macro_f1,weighted_f1,accuracy_on_detected,macro_f1_on_detected,weighted_f1_on_detected,accuracy_counting_failures_as_wrong,non_ok_files,mediapipe_or_read_failures,unknown_label,unreadable_image,mediapipe_detection_failed
asl_dataset,42,28,0|1|2|3|4|5|6|7|8|9|B|C|D|E|F|G|H|I|K|L|P|R|U|V|W|X|Y|Z,36,22,0.6111111111111112,0.8636363636363636,0.7971014492753623,0.8333333333333333,0.8636363636363636,0.7971014492753623,0.8333333333333333,0.5277777777777778,14,14,8,0,6
indian_sign_language,42,33,0|1|2|3|4|5|6|7|8|9|A|B|C|D|E|F|G|I|K|L|M|N|O|P|Q|R|S|T|U|W|X|Y|Z,33,29,0.8787878787878788,0.9655172413793104,0.9540229885057472,0.9540229885057472,0.9655172413793104,0.9540229885057472,0.9540229885057472,0.8484848484848485,4,4,0,0,4
nus_hand_posture,42,10,g1|g10|g2|g3|g4|g5|g6|g7|g8|g9,10,10,1.0,1.0,1.0,1.0,1.0,1.0,1.0,1.0,0,0,0,0,0
asl_large_dataset,42,28,A|B|C|D|DEL|E|F|G|H|I|J|K|L|M|N|O|P|Q|R|S|SPACE|T|U|V|W|X|Y|Z,28,18,0.6428571428571429,0.9444444444444444,0.9259259259259258,0.9259259259259258,0.9444444444444444,0.9259259259259258,0.9259259259259258,0.6071428571428571,10,10,1,0,9
